metric,value,se
waic,-46.431714600575226,2.6969032538842246
loo,-46.53461651374569,2.7318776092651063
