metric,value,se
waic,-340.38349425091394,5.309679717852109
loo,-340.39644353703704,5.310771672012414
