metric,value,se
waic,-332.4186866674157,12.775144031604533
loo,-332.51256337473535,12.832743778512286
