metric,value,se
waic,-86.67547382235708,2.7584805135131125
loo,-86.69394475584436,2.7631237516774467
