metric,value,se
waic,-123.0469916515936,4.774764204744596
loo,-123.05305535745896,4.775465074594308
