metric,value,se
waic,-369.70481274238034,6.336413320989823
loo,-374.00035381126963,6.808342062100477
