metric,value,se
waic,-20.00065255153977,6.992603597661272
loo,-20.013427733036277,6.994645379607227
