metric,value,se
waic,18.50809171305182,2.5845544423583933
loo,18.402720785120934,2.6536655715591504
